Id,Name,Surname,Email,Street,City,County,Country
1,Janene,Jannelle,JaneneJannelle@mailinator.com,Rands road,Antofagasta,Antofagasta,Chile
2,Melva,Calida,MelvaCalida@mailinator.com,Pill-moss Avenue,Antofagasta,Antofagasta,Chile
3,Phillie,Margette,PhillieMargette@mailinator.com,Factory Lane,Antofagasta,Antofagasta,Chile
4,Marti,Natka,MartiNatka@mailinator.com,Phillimore Lane,Antofagasta,Antofagasta,Chile
5,Dee Dee,Arielle,Dee DeeArielle@mailinator.com,Leaches Avenue,Antofagasta,Antofagasta,Chile
6,Emeline,Meara,EmelineMeara@mailinator.com,Ledsham Lane,Antofagasta,Antofagasta,Chile
7,Eachelle,Onida,EachelleOnida@mailinator.com,Hall Grove,Antofagasta,Antofagasta,Chile
8,Janaya,Leeann,JanayaLeeann@mailinator.com,Briarwood Grove,Antofagasta,Antofagasta,Chile
9,Cyndy,Charlena,CyndyCharlena@mailinator.com,Dalkeith Avenue,Antofagasta,Antofagasta,Chile
10,Clare,Jemmie,ClareJemmie@mailinator.com,Goughs Avenue,Antofagasta,Antofagasta,Chile
11,Katleen,Natalie,KatleenNatalie@mailinator.com,Godmond Lane,Antofagasta,Antofagasta,Chile
12,Sandra,Ethel,SandraEthel@mailinator.com,Highlands road,Antofagasta,Antofagasta,Chile
13,Ernestine,Celestyn,ErnestineCelestyn@mailinator.com,North road,Antofagasta,Antofagasta,Chile
14,Glad,Merrie,GladMerrie@mailinator.com,Back Grove,Antofagasta,Antofagasta,Chile
15,Jessamyn,Caritta,JessamynCaritta@mailinator.com,Hey Grove,Antofagasta,Antofagasta,Chile
16,Tallulah,Otha,TallulahOtha@mailinator.com,Morton Lane,Antofagasta,Antofagasta,Chile
17,Emmie,Sallyann,EmmieSallyann@mailinator.com,Shed Avenue,Antofagasta,Antofagasta,Chile
18,Davita,Martynne,DavitaMartynne@mailinator.com,Hall road,Antofagasta,Antofagasta,Chile
19,Suellen,Julianne,SuellenJulianne@mailinator.com,Back road,Antofagasta,Antofagasta,Chile
20,Tana,Meara,TanaMeara@mailinator.com,East Grove,Antofagasta,Antofagasta,Chile
21,Margaret,Hattie,MargaretHattie@mailinator.com,Bowerfold road,Antofagasta,Antofagasta,Chile
22,Nerte,Gwenny,NerteGwenny@mailinator.com,Fox Lane,Antofagasta,Antofagasta,Chile
23,Jeanette,Yetty,JeanetteYetty@mailinator.com,Ewan road,Antofagasta,Antofagasta,Chile
24,Eugine,Olia,EugineOlia@mailinator.com,Start Avenue,Antofagasta,Antofagasta,Chile
25,Hendrika,Sue,HendrikaSue@mailinator.com,Loxham Avenue,Antofagasta,Antofagasta,Chile
26,Jacky,Dorry,JackyDorry@mailinator.com,Sedgeford Grove,Antofagasta,Antofagasta,Chile
27,Nan,Hilary,NanHilary@mailinator.com,Alt Lane,Antofagasta,Antofagasta,Chile
28,Franny,Murielle,FrannyMurielle@mailinator.com,Delside road,Antofagasta,Antofagasta,Chile
29,Cass,Theodora,CassTheodora@mailinator.com,Quail Lane,Antofagasta,Antofagasta,Chile
30,Karol,Lotta,KarolLotta@mailinator.com,Liddington Grove,Antofagasta,Antofagasta,Chile
31,Gerianne,Carol,GerianneCarol@mailinator.com,Green road,Antofagasta,Antofagasta,Chile
32,Elizabet,Arlyn,ElizabetArlyn@mailinator.com,Rawlinson Lane,Antofagasta,Antofagasta,Chile
33,Ferdinande,Lenee,FerdinandeLenee@mailinator.com,Manthorpe Grove,Antofagasta,Antofagasta,Chile
34,Colline,Fianna,CollineFianna@mailinator.com,Brierley road,Antofagasta,Antofagasta,Chile
35,Othelia,Ros,OtheliaRos@mailinator.com,Days Avenue,Antofagasta,Antofagasta,Chile
36,Cheryl,Orelia,CherylOrelia@mailinator.com,Intake Avenue,Antofagasta,Antofagasta,Chile
37,Crystal,Rona,CrystalRona@mailinator.com,Viking road,Antofagasta,Antofagasta,Chile
38,Dorine,Martie,DorineMartie@mailinator.com,Barrs Lane,Antofagasta,Antofagasta,Chile
39,Kalila,Evelyn,KalilaEvelyn@mailinator.com,Arundale Avenue,Antofagasta,Antofagasta,Chile
40,Basia,Tanitansy,BasiaTanitansy@mailinator.com,Hollyrood road,Antofagasta,Antofagasta,Chile
41,Remy,Hendrika,RemyHendrika@mailinator.com,Corda Avenue,Antofagasta,Antofagasta,Chile
42,Britte,Caritta,BritteCaritta@mailinator.com,Roughtown Lane,Antofagasta,Antofagasta,Chile
43,Bambi,Catherina,BambiCatherina@mailinator.com,Main Avenue,Antofagasta,Antofagasta,Chile
44,Christal,Lindie,ChristalLindie@mailinator.com,Millhead road,Antofagasta,Antofagasta,Chile
45,Sofia,Deeanne,SofiaDeeanne@mailinator.com,Middleham Avenue,Antofagasta,Antofagasta,Chile
46,Gladi,Gaylene,GladiGaylene@mailinator.com,Donovan Lane,Antofagasta,Antofagasta,Chile
47,Jonie,Roxana,JonieRoxana@mailinator.com,Smithills Grove,Antofagasta,Antofagasta,Chile
48,Anselma,Moira,AnselmaMoira@mailinator.com,Fairway Grove,Antofagasta,Antofagasta,Chile
49,Marylee,Cayla,MaryleeCayla@mailinator.com,Kirkwall Lane,Antofagasta,Antofagasta,Chile
50,Jeri,Pet,JeriPet@mailinator.com,Shrub Lane,Antofagasta,Antofagasta,Chile
51,Pegeen,Brynna,PegeenBrynna@mailinator.com,Albion road,Antofagasta,Antofagasta,Chile
52,Mirabel,Muire,MirabelMuire@mailinator.com,Mereside road,Antofagasta,Antofagasta,Chile
53,Lucine,Joanna,LucineJoanna@mailinator.com,Cemetary road,Antofagasta,Antofagasta,Chile
54,Bab,Gavra,BabGavra@mailinator.com,Dark road,Antofagasta,Antofagasta,Chile
55,Sherilyn,Easter,SherilynEaster@mailinator.com,Avebury Avenue,Antofagasta,Antofagasta,Chile
56,Pearle,Marian,PearleMarian@mailinator.com,Croxton road,Antofagasta,Antofagasta,Chile
57,Claresta,Adele,ClarestaAdele@mailinator.com,Douglas Grove,Antofagasta,Antofagasta,Chile
58,Fiann,Isabel,FiannIsabel@mailinator.com,Somers Lane,Antofagasta,Antofagasta,Chile
59,Adriana,Anastasia,AdrianaAnastasia@mailinator.com,Hill Grove,Antofagasta,Antofagasta,Chile
60,Jerrylee,Angil,JerryleeAngil@mailinator.com,Ringmoor road,Antofagasta,Antofagasta,Chile
61,Harriott,Madonna,HarriottMadonna@mailinator.com,Ordnance Grove,Antofagasta,Antofagasta,Chile
62,Karita,Dorrie,KaritaDorrie@mailinator.com,Shipper Avenue,Antofagasta,Antofagasta,Chile
63,Lynna,Cinderella,LynnaCinderella@mailinator.com,Stainforth Lane,Antofagasta,Antofagasta,Chile
64,Karylin,Edwina,KarylinEdwina@mailinator.com,Union Grove,Antofagasta,Antofagasta,Chile
65,Karalee,Frieda,KaraleeFrieda@mailinator.com,Back Avenue,Antofagasta,Antofagasta,Chile
66,Frankie,Martelle,FrankieMartelle@mailinator.com,Heaton Lane,Antofagasta,Antofagasta,Chile
67,Bethena,Vania,BethenaVania@mailinator.com,Beresford Grove,Antofagasta,Antofagasta,Chile
68,Deanne,Hanna,DeanneHanna@mailinator.com,Sagar Avenue,Antofagasta,Antofagasta,Chile
69,Nichole,De,NicholeDe@mailinator.com,Ninfield road,Antofagasta,Antofagasta,Chile
70,Suzette,Inge,SuzetteInge@mailinator.com,Ollersett road,Antofagasta,Antofagasta,Chile
71,Arleta,Karleen,ArletaKarleen@mailinator.com,Portloe road,Antofagasta,Antofagasta,Chile
72,Loree,Noelle,LoreeNoelle@mailinator.com,Cardrona Lane,Antofagasta,Antofagasta,Chile
73,Charlena,Kristel,CharlenaKristel@mailinator.com,Tonge Lane,Antofagasta,Antofagasta,Chile
74,Halie,Dotty,HalieDotty@mailinator.com,Delph Avenue,Antofagasta,Antofagasta,Chile
75,Magda,Sheri,MagdaSheri@mailinator.com,View Lane,Antofagasta,Antofagasta,Chile
76,Josefa,Abagail,JosefaAbagail@mailinator.com,Boydell Grove,Antofagasta,Antofagasta,Chile
77,Dorelia,Avrit,DoreliaAvrit@mailinator.com,Matlock road,Antofagasta,Antofagasta,Chile
78,Willyt,Debra,WillytDebra@mailinator.com,Dinmore road,Antofagasta,Antofagasta,Chile
79,Binni,Benetta,BinniBenetta@mailinator.com,Hilton Lane,Antofagasta,Antofagasta,Chile
80,Charline,Poppy,CharlinePoppy@mailinator.com,Wilson Lane,Antofagasta,Antofagasta,Chile
81,Freda,Novelia,FredaNovelia@mailinator.com,Helga Avenue,Antofagasta,Antofagasta,Chile
82,Gabriel,Lavena,GabrielLavena@mailinator.com,Fairholme Grove,Antofagasta,Antofagasta,Chile
83,Carlotta,Dalia,CarlottaDalia@mailinator.com,Polygon Lane,Antofagasta,Antofagasta,Chile
84,Corabel,Ester,CorabelEster@mailinator.com,Cayley Avenue,Antofagasta,Antofagasta,Chile
85,Stefa,Philomena,StefaPhilomena@mailinator.com,Bings Grove,Antofagasta,Antofagasta,Chile
86,Cristin,Susan,CristinSusan@mailinator.com,Hey Lane,Antofagasta,Antofagasta,Chile
87,Ashlen,Ira,AshlenIra@mailinator.com,Marsham Avenue,Antofagasta,Antofagasta,Chile
88,Kariotta,Charlene,KariottaCharlene@mailinator.com,Holden Avenue,Antofagasta,Antofagasta,Chile
89,Jillana,Sibel,JillanaSibel@mailinator.com,Queenston Grove,Antofagasta,Antofagasta,Chile
90,Marys,Winna,MarysWinna@mailinator.com,Quay road,Antofagasta,Antofagasta,Chile
91,Heddie,Jasmin,HeddieJasmin@mailinator.com,Horrobin Grove,Antofagasta,Antofagasta,Chile
92,Timmi,Bianka,TimmiBianka@mailinator.com,Scotia Grove,Antofagasta,Antofagasta,Chile
93,Stefa,Netty,StefaNetty@mailinator.com,Fold Lane,Antofagasta,Antofagasta,Chile
94,Celene,Sorcha,CeleneSorcha@mailinator.com,Chipping Grove,Antofagasta,Antofagasta,Chile
95,Malia,Joelly,MaliaJoelly@mailinator.com,Forth Avenue,Antofagasta,Antofagasta,Chile
96,Ddene,Feliza,DdeneFeliza@mailinator.com,Cossack Avenue,Antofagasta,Antofagasta,Chile
97,Shayna,Toni,ShaynaToni@mailinator.com,Meadow Grove,Antofagasta,Antofagasta,Chile
98,Elka,Ali,ElkaAli@mailinator.com,Nearcroft road,Antofagasta,Antofagasta,Chile
99,Vevay,Dorie,VevayDorie@mailinator.com,Boughey Grove,Antofagasta,Antofagasta,Chile
100,Rosana,Carena,RosanaCarena@mailinator.com,Downshaw road,Antofagasta,Antofagasta,Chile